param,covariate,coef,exp(coef),p,abs_coef
lambda_,Intercept,3.427488838259978,30.799203777329748,0.0,3.427488838259978
rho_,Intercept,0.829921763941651,2.293139327063789,0.0,0.829921763941651
lambda_,rev_Mean,0.005185023927538008,1.0051984894270223,1.7401979902834095e-81,0.005185023927538008
lambda_,totmrc_Mean,-0.005144722604661194,0.9948684888146058,6.369210912144255e-74,0.005144722604661194
lambda_,drop_vce_Mean,-0.0031840222041533027,0.9968210414188899,2.5612604842206228e-08,0.0031840222041533027
lambda_,custcare_Mean,-0.002858243882668926,0.9971458370073919,3.8101589229183343e-13,0.002858243882668926
lambda_,ovrmou_Mean,-0.0015444712766685975,0.9984567208053026,3.4673851610019707e-84,0.0015444712766685975
lambda_,mou_Mean,7.161393649974874e-05,1.000071616500839,2.0133658562226417e-08,7.161393649974874e-05
